id,成交日期,成交年月_民國,成交年月_西元,樓層,總樓層,單價_萬每坪_不含車位,原始單價_萬每坪_含車位,房屋總價_萬_不含車位,車位總價_萬,成交總價_萬_含車位,房屋坪數_坪_不含車位,車位坪數_坪,總坪數_坪_含車位,車位數,車位類型,房型,特殊交易,特殊交易說明,樓層標籤,地址,建案名稱,來源網址
9152085,2026-04-20,115-04,2026-04,8,23,54.8,51.9,3640,200,3840,66.4,7.6,74.0,1,平面車位,0房0廳,否,,中樓層、平面車位,桃園市桃園區正光路與力行路交叉口,京懋泰閤,https://market.591.com.tw/5886292/price?guide=1&trans_type=2
7523983,2026-03-31,115-03,2026-03,13,23,58.0,53.4,4370,460,4830,75.3,15.1,90.4,2,平面車位,0房0廳,否,,中樓層、平面車位,桃園市桃園區正光路與力行路交叉口,京懋泰閤,https://market.591.com.tw/5886292/price?guide=1&trans_type=2
7398141,2026-03-08,115-03,2026-03,12,23,54.2,51.2,3598,190,3788,66.4,7.6,74.0,1,平面車位,0房0廳,否,,中樓層、平面車位,桃園市桃園區正光路與力行路交叉口,京懋泰閤,https://market.591.com.tw/5886292/price?guide=1&trans_type=2
7356443,2026-02-09,115-02,2026-02,21,23,54.5,52.0,3740,220,3960,68.6,7.6,76.2,1,平面車位,0房0廳,是,親友、員工、共有人或其他特殊關係間之交易；,高樓層、平面車位、特殊交易,桃園市桃園區正光路與力行路交叉口,京懋泰閤,https://market.591.com.tw/5886292/price?guide=1&trans_type=2
7356447,2026-02-07,115-02,2026-02,21,23,54.7,52.1,3633,220,3853,66.4,7.6,74.0,1,平面車位,0房0廳,是,親友、員工、共有人或其他特殊關係間之交易；,高樓層、平面車位、特殊交易,桃園市桃園區正光路與力行路交叉口,京懋泰閤,https://market.591.com.tw/5886292/price?guide=1&trans_type=2
7356445,2026-02-07,115-02,2026-02,7,23,54.1,51.3,3595,200,3795,66.4,7.6,74.0,1,平面車位,0房0廳,否,,低樓層、平面車位,桃園市桃園區正光路與力行路交叉口,京懋泰閤,https://market.591.com.tw/5886292/price?guide=1&trans_type=2
6968960,2025-05-07,114-05,2025-05,16,23,55.7,51.1,4200,420,4620,75.3,15.1,90.4,2,平面車位,0房0廳,否,,中樓層、平面車位,桃園市桃園區正光路與力行路交叉口,京懋泰閤,https://market.591.com.tw/5886292/price?guide=1&trans_type=2
6938798,2025-04-02,114-04,2025-04,11,23,54.3,51.3,3608,190,3798,66.4,7.6,74.0,1,平面車位,0房0廳,否,,中樓層、平面車位,桃園市桃園區正光路與力行路交叉口,京懋泰閤,https://market.591.com.tw/5886292/price?guide=1&trans_type=2
6927389,2025-03-21,114-03,2025-03,3,23,53.0,50.1,3518,190,3708,66.4,7.6,74.0,1,平面車位,0房0廳,否,,低樓層、平面車位,桃園市桃園區正光路與力行路交叉口,京懋泰閤,https://market.591.com.tw/5886292/price?guide=1&trans_type=2
6908053,2025-03-05,114-03,2025-03,16,23,53.8,50.8,3571,190,3761,66.4,7.6,74.0,1,平面車位,0房0廳,否,,中樓層、平面車位,桃園市桃園區正光路與力行路交叉口,京懋泰閤,https://market.591.com.tw/5886292/price?guide=1&trans_type=2
6875508,2025-02-10,114-02,2025-02,5,23,53.7,50.8,3565,190,3755,66.4,7.6,74.0,1,平面車位,0房0廳,否,,低樓層、平面車位,桃園市桃園區正光路與力行路交叉口,京懋泰閤,https://market.591.com.tw/5886292/price?guide=1&trans_type=2
6875399,2025-01-06,114-01,2025-01,20,23,55.7,52.6,3698,190,3888,66.4,7.6,74.0,1,平面車位,0房0廳,否,,高樓層、平面車位,桃園市桃園區正光路與力行路交叉口,京懋泰閤,https://market.591.com.tw/5886292/price?guide=1&trans_type=2
6847994,2025-01-04,114-01,2025-01,18,23,54.8,52.0,3638,210,3848,66.4,7.6,74.0,1,平面車位,0房0廳,否,,高樓層、平面車位,桃園市桃園區正光路與力行路交叉口,京懋泰閤,https://market.591.com.tw/5886292/price?guide=1&trans_type=2
6838534,2024-12-24,113-12,2024-12,17,23,54.9,52.1,3644,210,3854,66.4,7.6,74.0,1,平面車位,0房0廳,否,,高樓層、平面車位,桃園市桃園區正光路與力行路交叉口,京懋泰閤,https://market.591.com.tw/5886292/price?guide=1&trans_type=2
6777487,2024-11-02,113-11,2024-11,22,23,54.0,51.2,3587,200,3787,66.4,7.6,74.0,1,平面車位,0房0廳,否,,高樓層、平面車位,桃園市桃園區正光路與力行路交叉口,京懋泰閤,https://market.591.com.tw/5886292/price?guide=1&trans_type=2
6765975,2024-10-27,113-10,2024-10,8,23,51.4,46.5,3412,380,3792,66.4,15.1,81.5,2,平面車位,0房0廳,否,,中樓層、平面車位,桃園市桃園區正光路與力行路交叉口,京懋泰閤,https://market.591.com.tw/5886292/price?guide=1&trans_type=2
6726523,2024-09-21,113-09,2024-09,7,23,52.0,47.5,3920,380,4300,75.3,15.1,90.4,2,平面車位,0房0廳,否,,低樓層、平面車位,桃園市桃園區正光路與力行路交叉口,京懋泰閤,https://market.591.com.tw/5886292/price?guide=1&trans_type=2
6714316,2024-09-18,113-09,2024-09,10,23,50.3,45.9,3338,400,3738,66.4,15.1,81.5,2,平面車位,0房0廳,否,,中樓層、平面車位,桃園市桃園區正光路與力行路交叉口,京懋泰閤,https://market.591.com.tw/5886292/price?guide=1&trans_type=2
6714198,2024-09-11,113-09,2024-09,8,23,51.8,47.3,3900,380,4280,75.3,15.1,90.4,2,平面車位,0房0廳,否,,中樓層、平面車位,桃園市桃園區正光路與力行路交叉口,京懋泰閤,https://market.591.com.tw/5886292/price?guide=1&trans_type=2
6675959,2024-08-13,113-08,2024-08,12,23,51.0,46.5,3389,400,3789,66.4,15.1,81.5,2,平面車位,0房0廳,否,,中樓層、平面車位,桃園市桃園區正光路與力行路交叉口,京懋泰閤,https://market.591.com.tw/5886292/price?guide=1&trans_type=2
6659398,2024-08-09,113-08,2024-08,4,23,51.4,46.7,3526,380,3906,68.6,15.1,83.7,2,平面車位,0房0廳,否,,低樓層、平面車位,桃園市桃園區正光路與力行路交叉口,京懋泰閤,https://market.591.com.tw/5886292/price?guide=1&trans_type=2
6659399,2024-08-03,113-08,2024-08,20,23,54.4,51.9,3731,220,3951,68.6,7.6,76.2,1,平面車位,0房0廳,否,,高樓層、平面車位,桃園市桃園區正光路與力行路交叉口,京懋泰閤,https://market.591.com.tw/5886292/price?guide=1&trans_type=2
6659400,2024-08-01,113-08,2024-08,11,23,50.5,45.8,3354,380,3734,66.4,15.1,81.5,2,平面車位,0房0廳,否,,中樓層、平面車位,桃園市桃園區正光路與力行路交叉口,京懋泰閤,https://market.591.com.tw/5886292/price?guide=1&trans_type=2
6641813,2024-07-28,113-07,2024-07,14,23,52.4,47.7,3950,360,4310,75.3,15.1,90.4,2,平面車位,0房0廳,否,,中樓層、平面車位,桃園市桃園區正光路與力行路交叉口,京懋泰閤,https://market.591.com.tw/5886292/price?guide=1&trans_type=2
6641816,2024-07-28,113-07,2024-07,14,23,48.8,44.1,3239,360,3599,66.4,15.1,81.5,2,平面車位,0房0廳,否,,中樓層、平面車位,桃園市桃園區正光路與力行路交叉口,京懋泰閤,https://market.591.com.tw/5886292/price?guide=1&trans_type=2
6641811,2024-07-27,113-07,2024-07,12,23,52.0,47.3,3918,360,4278,75.3,15.1,90.4,2,平面車位,0房0廳,否,,中樓層、平面車位,桃園市桃園區正光路與力行路交叉口,京懋泰閤,https://market.591.com.tw/5886292/price?guide=1&trans_type=2
6641817,2024-07-23,113-07,2024-07,19,23,52.5,47.2,3486,360,3846,66.4,15.1,81.5,2,平面車位,0房0廳,否,,高樓層、平面車位,桃園市桃園區正光路與力行路交叉口,京懋泰閤,https://market.591.com.tw/5886292/price?guide=1&trans_type=2
6641812,2024-07-23,113-07,2024-07,4,23,49.4,45.2,3388,400,3788,68.6,15.1,83.7,2,平面車位,0房0廳,否,,低樓層、平面車位,桃園市桃園區正光路與力行路交叉口,京懋泰閤,https://market.591.com.tw/5886292/price?guide=1&trans_type=2
6641814,2024-07-22,113-07,2024-07,6,23,48.9,46.6,3246,200,3446,66.4,7.6,74.0,1,平面車位,0房0廳,否,,低樓層、平面車位,桃園市桃園區正光路與力行路交叉口,京懋泰閤,https://market.591.com.tw/5886292/price?guide=1&trans_type=2
6641815,2024-07-21,113-07,2024-07,9,23,51.3,46.2,3405,360,3765,66.4,15.1,81.5,2,平面車位,0房0廳,否,,中樓層、平面車位,桃園市桃園區正光路與力行路交叉口,京懋泰閤,https://market.591.com.tw/5886292/price?guide=1&trans_type=2
6625314,2024-07-15,113-07,2024-07,20,23,54.8,52.0,3758,200,3958,68.6,7.6,76.2,1,平面車位,0房0廳,否,,高樓層、平面車位,桃園市桃園區正光路與力行路交叉口,京懋泰閤,https://market.591.com.tw/5886292/price?guide=1&trans_type=2
6608038,2024-07-07,113-07,2024-07,13,23,51.3,46.6,3410,390,3800,66.4,15.1,81.5,2,平面車位,0房0廳,否,,中樓層、平面車位,桃園市桃園區正光路與力行路交叉口,京懋泰閤,https://market.591.com.tw/5886292/price?guide=1&trans_type=2
6608037,2024-07-06,113-07,2024-07,5,23,51.1,46.9,3848,390,4238,75.3,15.1,90.4,2,平面車位,0房0廳,否,,低樓層、平面車位,桃園市桃園區正光路與力行路交叉口,京懋泰閤,https://market.591.com.tw/5886292/price?guide=1&trans_type=2
6592017,2024-06-29,113-06,2024-06,16,23,49.5,44.7,3286,360,3646,66.4,15.1,81.5,2,平面車位,0房0廳,否,,中樓層、平面車位,桃園市桃園區正光路與力行路交叉口,京懋泰閤,https://market.591.com.tw/5886292/price?guide=1&trans_type=2
6592016,2024-06-27,113-06,2024-06,23,23,54.0,51.2,3703,200,3903,68.6,7.6,76.2,1,平面車位,0房0廳,否,,高樓層、平面車位,桃園市桃園區正光路與力行路交叉口,京懋泰閤,https://market.591.com.tw/5886292/price?guide=1&trans_type=2
6592015,2024-06-26,113-06,2024-06,13,23,51.0,46.5,3497,400,3897,68.6,15.1,83.7,2,平面車位,0房0廳,否,,中樓層、平面車位,桃園市桃園區正光路與力行路交叉口,京懋泰閤,https://market.591.com.tw/5886292/price?guide=1&trans_type=2
6592014,2024-06-25,113-06,2024-06,15,23,49.2,45.0,3270,400,3670,66.4,15.1,81.5,2,平面車位,0房0廳,否,,中樓層、平面車位,桃園市桃園區正光路與力行路交叉口,京懋泰閤,https://market.591.com.tw/5886292/price?guide=1&trans_type=2
6592013,2024-06-22,113-06,2024-06,7,23,49.7,47.5,3748,190,3938,75.3,7.6,82.9,1,平面車位,0房0廳,否,,低樓層、平面車位,桃園市桃園區正光路與力行路交叉口,京懋泰閤,https://market.591.com.tw/5886292/price?guide=1&trans_type=2
6574460,2024-06-13,113-06,2024-06,2,23,50.7,46.3,3480,400,3880,68.6,15.1,83.7,2,平面車位,0房0廳,否,,低樓層、平面車位,桃園市桃園區正光路與力行路交叉口,京懋泰閤,https://market.591.com.tw/5886292/price?guide=1&trans_type=2
6553781,2024-06-02,113-06,2024-06,19,23,51.5,47.0,3535,400,3935,68.6,15.1,83.7,2,平面車位,0房0廳,否,,高樓層、平面車位,桃園市桃園區正光路與力行路交叉口,京懋泰閤,https://market.591.com.tw/5886292/price?guide=1&trans_type=2
6536942,2024-05-28,113-05,2024-05,13,23,49.5,47.5,3730,210,3940,75.3,7.6,82.9,1,平面車位,0房0廳,否,,中樓層、平面車位,桃園市桃園區正光路與力行路交叉口,京懋泰閤,https://market.591.com.tw/5886292/price?guide=1&trans_type=2
6536940,2024-05-25,113-05,2024-05,5,23,48.2,43.8,3309,360,3669,68.6,15.1,83.7,2,平面車位,0房0廳,否,,低樓層、平面車位,桃園市桃園區正光路與力行路交叉口,京懋泰閤,https://market.591.com.tw/5886292/price?guide=1&trans_type=2
6536939,2024-05-24,113-05,2024-05,21,23,52.4,48.0,3597,420,4017,68.6,15.1,83.7,2,平面車位,0房0廳,否,,高樓層、平面車位,桃園市桃園區正光路與力行路交叉口,京懋泰閤,https://market.591.com.tw/5886292/price?guide=1&trans_type=2
6536937,2024-05-21,113-05,2024-05,22,23,52.3,49.9,3590,210,3800,68.6,7.6,76.2,1,平面車位,0房0廳,否,,高樓層、平面車位,桃園市桃園區正光路與力行路交叉口,京懋泰閤,https://market.591.com.tw/5886292/price?guide=1&trans_type=2
6536938,2024-05-21,113-05,2024-05,14,23,50.0,45.8,3433,400,3833,68.6,15.1,83.7,2,平面車位,0房0廳,否,,中樓層、平面車位,桃園市桃園區正光路與力行路交叉口,京懋泰閤,https://market.591.com.tw/5886292/price?guide=1&trans_type=2
6517057,2024-05-18,113-05,2024-05,7,23,47.5,45.4,3155,200,3355,66.4,7.6,74.0,1,平面車位,0房0廳,否,,低樓層、平面車位,桃園市桃園區正光路與力行路交叉口,京懋泰閤,https://market.591.com.tw/5886292/price?guide=1&trans_type=2
6516536,2024-05-16,113-05,2024-05,17,23,51.1,46.2,3508,360,3868,68.6,15.1,83.7,2,平面車位,0房0廳,否,,高樓層、平面車位,桃園市桃園區正光路與力行路交叉口,京懋泰閤,https://market.591.com.tw/5886292/price?guide=1&trans_type=2
6516535,2024-05-12,113-05,2024-05,6,23,47.9,44.2,3610,388,3998,75.3,15.1,90.4,2,平面車位,0房0廳,否,,低樓層、平面車位,桃園市桃園區正光路與力行路交叉口,京懋泰閤,https://market.591.com.tw/5886292/price?guide=1&trans_type=2
6516537,2024-05-12,113-05,2024-05,5,23,48.1,44.2,3300,400,3700,68.6,15.1,83.7,2,平面車位,0房0廳,否,,低樓層、平面車位,桃園市桃園區正光路與力行路交叉口,京懋泰閤,https://market.591.com.tw/5886292/price?guide=1&trans_type=2
6501024,2024-05-09,113-05,2024-05,12,23,49.3,45.2,3386,400,3786,68.6,15.1,83.7,2,平面車位,0房0廳,否,,中樓層、平面車位,桃園市桃園區正光路與力行路交叉口,京懋泰閤,https://market.591.com.tw/5886292/price?guide=1&trans_type=2
6482683,2024-04-27,113-04,2024-04,7,23,48.7,44.7,3343,400,3743,68.6,15.1,83.7,2,平面車位,0房0廳,否,,低樓層、平面車位,桃園市桃園區正光路與力行路交叉口,京懋泰閤,https://market.591.com.tw/5886292/price?guide=1&trans_type=2
6446778,2024-04-09,113-04,2024-04,6,23,48.1,44.2,3300,400,3700,68.6,15.1,83.7,2,平面車位,0房0廳,否,,低樓層、平面車位,桃園市桃園區正光路與力行路交叉口,京懋泰閤,https://market.591.com.tw/5886292/price?guide=1&trans_type=2
6429485,2024-03-28,113-03,2024-03,20,23,45.9,42.3,3050,400,3450,66.4,15.1,81.5,2,平面車位,0房0廳,否,,高樓層、平面車位,桃園市桃園區正光路與力行路交叉口,京懋泰閤,https://market.591.com.tw/5886292/price?guide=1&trans_type=2
6429486,2024-03-27,113-03,2024-03,15,23,50.6,48.2,3473,200,3673,68.6,7.6,76.2,1,平面車位,0房0廳,否,,中樓層、平面車位,桃園市桃園區正光路與力行路交叉口,京懋泰閤,https://market.591.com.tw/5886292/price?guide=1&trans_type=2
6396745,2024-03-01,113-03,2024-03,9,23,48.7,46.4,3670,180,3850,75.3,7.6,82.9,1,平面車位,0房0廳,否,,中樓層、平面車位,桃園市桃園區正光路與力行路交叉口,京懋泰閤,https://market.591.com.tw/5886292/price?guide=1&trans_type=2
6366125,2024-02-16,113-02,2024-02,3,23,45.0,41.2,2989,370,3359,66.4,15.1,81.5,2,平面車位,0房0廳,否,,低樓層、平面車位,桃園市桃園區正光路與力行路交叉口,京懋泰閤,https://market.591.com.tw/5886292/price?guide=1&trans_type=2
6366124,2024-02-16,113-02,2024-02,6,23,45.3,41.5,3010,370,3380,66.4,15.1,81.5,2,平面車位,0房0廳,否,,低樓層、平面車位,桃園市桃園區正光路與力行路交叉口,京懋泰閤,https://market.591.com.tw/5886292/price?guide=1&trans_type=2
6340428,2024-01-25,113-01,2024-01,16,23,49.4,45.4,3390,410,3800,68.6,15.1,83.7,2,平面車位,0房0廳,否,,中樓層、平面車位,桃園市桃園區正光路與力行路交叉口,京懋泰閤,https://market.591.com.tw/5886292/price?guide=1&trans_type=2
6317137,2024-01-03,113-01,2024-01,11,23,48.2,44.1,3630,360,3990,75.3,15.1,90.4,2,平面車位,0房0廳,否,,中樓層、平面車位,桃園市桃園區正光路與力行路交叉口,京懋泰閤,https://market.591.com.tw/5886292/price?guide=1&trans_type=2
6303625,2023-12-31,112-12,2023-12,10,23,48.2,44.3,3310,400,3710,68.6,15.1,83.7,2,平面車位,0房0廳,否,,中樓層、平面車位,桃園市桃園區正光路與力行路交叉口,京懋泰閤,https://market.591.com.tw/5886292/price?guide=1&trans_type=2
6287828,2023-12-18,112-12,2023-12,18,23,49.8,45.9,3750,400,4150,75.3,15.1,90.4,2,平面車位,0房0廳,否,,高樓層、平面車位,桃園市桃園區正光路與力行路交叉口,京懋泰閤,https://market.591.com.tw/5886292/price?guide=1&trans_type=2
6287830,2023-12-18,112-12,2023-12,19,23,50.0,47.9,3765,200,3965,75.3,7.5,82.8,1,平面車位,0房0廳,否,,高樓層、平面車位,桃園市桃園區正光路與力行路交叉口,京懋泰閤,https://market.591.com.tw/5886292/price?guide=1&trans_type=2
6287829,2023-12-12,112-12,2023-12,19,23,50.0,46.0,3432,420,3852,68.6,15.1,83.7,2,平面車位,0房0廳,否,,高樓層、平面車位,桃園市桃園區正光路與力行路交叉口,京懋泰閤,https://market.591.com.tw/5886292/price?guide=1&trans_type=2
6238379,2023-11-13,112-11,2023-11,13,23,47.8,43.4,3280,350,3630,68.6,15.1,83.7,2,平面車位,0房0廳,否,,中樓層、平面車位,桃園市桃園區正光路與力行路交叉口,京懋泰閤,https://market.591.com.tw/5886292/price?guide=1&trans_type=2
6473979,2023-11-01,112-11,2023-11,6,23,47.9,45.8,3288,200,3488,68.6,7.5,76.2,1,平面車位,0房0廳,否,,低樓層、平面車位,桃園市桃園區正光路與力行路交叉口,京懋泰閤,https://market.591.com.tw/5886292/price?guide=1&trans_type=2
6206259,2023-10-31,112-10,2023-10,18,23,48.8,44.5,3348,380,3728,68.6,15.1,83.7,2,平面車位,0房0廳,否,,高樓層、平面車位,桃園市桃園區正光路與力行路交叉口,京懋泰閤,https://market.591.com.tw/5886292/price?guide=1&trans_type=2
6206260,2023-10-29,112-10,2023-10,15,23,48.2,43.8,3310,360,3670,68.6,15.1,83.7,2,平面車位,0房0廳,否,,中樓層、平面車位,桃園市桃園區正光路與力行路交叉口,京懋泰閤,https://market.591.com.tw/5886292/price?guide=1&trans_type=2
6473965,2023-09-05,112-09,2023-09,1,23,69.0,65.3,5842,180,6022,84.7,7.5,92.2,1,平面車位,0房0廳,否,,低樓層、平面車位,桃園市桃園區正光路與力行路交叉口,京懋泰閤,https://market.591.com.tw/5886292/price?guide=1&trans_type=2
6124155,2023-08-22,112-08,2023-08,11,23,47.1,43.4,3232,400,3632,68.6,15.1,83.7,2,平面車位,0房0廳,否,,中樓層、平面車位,桃園市桃園區正光路與力行路交叉口,京懋泰閤,https://market.591.com.tw/5886292/price?guide=1&trans_type=2
6108026,2023-08-13,112-08,2023-08,9,23,46.9,43.2,3218,400,3618,68.6,15.1,83.7,2,平面車位,0房0廳,否,,中樓層、平面車位,桃園市桃園區正光路與力行路交叉口,京懋泰閤,https://market.591.com.tw/5886292/price?guide=1&trans_type=2
6108027,2023-08-12,112-08,2023-08,8,23,46.9,42.8,3220,360,3580,68.6,15.1,83.7,2,平面車位,0房0廳,否,,中樓層、平面車位,桃園市桃園區正光路與力行路交叉口,京懋泰閤,https://market.591.com.tw/5886292/price?guide=1&trans_type=2
6023502,2023-06-15,112-06,2023-06,10,23,47.2,44.0,3555,420,3975,75.3,15.1,90.4,2,平面車位,0房0廳,否,,中樓層、平面車位,桃園市桃園區力行路與正光路交叉口,京懋泰閤,https://market.591.com.tw/5886292/price?guide=1&trans_type=2
6011637,2023-06-10,112-06,2023-06,7,23,46.5,42.7,3190,380,3570,68.6,15.1,83.7,2,平面車位,0房0廳,否,,低樓層、平面車位,桃園市桃園區正光路與力行路交叉口,京懋泰閤,https://market.591.com.tw/5886292/price?guide=1&trans_type=2
5996936,2023-05-21,112-05,2023-05,22,23,49.8,47.4,3750,180,3930,75.3,7.5,82.8,1,平面車位,0房0廳,否,,高樓層、平面車位,桃園市桃園區正光路與力行路交叉口,京懋泰閤,https://market.591.com.tw/5886292/price?guide=1&trans_type=2
5970118,2023-05-09,112-05,2023-05,23,23,47.7,44.2,3170,430,3600,66.4,15.1,81.5,2,平面車位,0房0廳,否,,高樓層、平面車位,桃園市桃園區正光路與力行路交叉口,京懋泰閤,https://market.591.com.tw/5886292/price?guide=1&trans_type=2
6004455,2023-04-26,112-04,2023-04,22,23,48.9,45.1,3357,420,3777,68.6,15.1,83.7,2,平面車位,0房0廳,否,,高樓層、平面車位,桃園市桃園區力行路與正光路交叉口,京懋泰閤,https://market.591.com.tw/5886292/price?guide=1&trans_type=2
5955222,2023-04-22,112-04,2023-04,23,23,47.1,43.6,3129,420,3549,66.4,15.1,81.5,2,平面車位,0房0廳,否,,高樓層、平面車位,桃園市桃園區力行路與正光路交叉口,京懋泰閤,https://market.591.com.tw/5886292/price?guide=1&trans_type=2
5941472,2023-04-20,112-04,2023-04,16,23,47.7,43.4,3270,360,3630,68.6,15.1,83.7,2,平面車位,0房0廳,否,,中樓層、平面車位,桃園市桃園區力行路與正光路交叉口,京懋泰閤,https://market.591.com.tw/5886292/price?guide=1&trans_type=2
5819600,2023-01-09,112-01,2023-01,1,22,70.0,63.0,5300,420,5720,75.7,15.1,90.8,2,平面車位,0房0廳,否,,低樓層、平面車位,桃園市桃園區正光路與力行路交叉口,京懋泰閤,https://market.591.com.tw/5886292/price?guide=1&trans_type=2
5819601,2023-01-09,112-01,2023-01,1,22,63.9,57.3,4279,420,4699,66.9,15.1,82.0,2,平面車位,0房0廳,否,,低樓層、平面車位,桃園市桃園區正光路與力行路交叉口,京懋泰閤,https://market.591.com.tw/5886292/price?guide=1&trans_type=2
5826384,2022-12-15,111-12,2022-12,2,22,47.8,45.6,3172,200,3372,66.4,7.5,73.9,1,平面車位,0房0廳,否,,低樓層、平面車位,桃園市桃園區正光路與力行路交叉口,京懋泰閤,https://market.591.com.tw/5886292/price?guide=1&trans_type=2
5755435,2022-11-01,111-11,2022-11,15,22,48.0,44.2,3615,380,3995,75.3,15.1,90.4,2,平面車位,0房0廳,否,,中樓層、平面車位,桃園市桃園區正光路與力行路交叉口,京懋泰閤,https://market.591.com.tw/5886292/price?guide=1&trans_type=2
5743604,2022-10-31,111-10,2022-10,23,23,50.6,46.4,3472,410,3882,68.6,15.1,83.7,2,平面車位,0房0廳,否,,高樓層、平面車位,桃園市桃園區正光路與力行路交叉口,京懋泰閤,https://market.591.com.tw/5886292/price?guide=1&trans_type=2
5743603,2022-10-25,111-10,2022-10,21,22,50.2,48.3,3778,220,3998,75.3,7.5,82.8,1,平面車位,0房0廳,否,,高樓層、平面車位,桃園市桃園區正光路與力行路交叉口,京懋泰閤,https://market.591.com.tw/5886292/price?guide=1&trans_type=2
5743618,2022-10-25,111-10,2022-10,1,22,70.0,64.0,5928,460,6388,84.7,15.1,99.7,2,平面車位,0房0廳,是,特殊交易,低樓層、平面車位、特殊交易,桃園市桃園區正光路與力行路交叉口,京懋泰閤,https://market.591.com.tw/5886292/price?guide=1&trans_type=2
5733451,2022-10-14,111-10,2022-10,10,22,46.5,42.9,3192,400,3592,68.6,15.1,83.7,2,平面車位,0房0廳,否,,中樓層、平面車位,桃園市桃園區正光路與力行路交叉口,京懋泰閤,https://market.591.com.tw/5886292/price?guide=1&trans_type=2
5719557,2022-10-09,111-10,2022-10,12,22,47.4,42.9,3253,340,3593,68.6,15.1,83.7,2,平面車位,0房0廳,否,,中樓層、平面車位,桃園市桃園區正光路與力行路交叉口,京懋泰閤,https://market.591.com.tw/5886292/price?guide=1&trans_type=2
5719389,2022-10-01,111-10,2022-10,18,22,45.5,42.0,3023,400,3423,66.4,15.1,81.5,2,平面車位,0房0廳,否,,高樓層、平面車位,桃園市桃園區正光路與力行路交叉口,京懋泰閤,https://market.591.com.tw/5886292/price?guide=1&trans_type=2
5708766,2022-09-30,111-09,2022-09,1,22,69.7,64.6,3790,210,4000,54.4,7.5,62.0,1,平面車位,0房0廳,是,特殊交易,低樓層、平面車位、特殊交易,桃園市桃園區正光路與力行路交叉口,京懋泰閤,https://market.591.com.tw/5886292/price?guide=1&trans_type=2
5708767,2022-09-30,111-09,2022-09,9,22,46.5,44.7,3503,200,3703,75.3,7.5,82.8,1,平面車位,0房0廳,否,,中樓層、平面車位,桃園市桃園區正光路與力行路交叉口,京懋泰閤,https://market.591.com.tw/5886292/price?guide=1&trans_type=2
5762358,2022-09-27,111-09,2022-09,1,22,66.7,58.9,3819,440,4259,57.3,15.1,72.3,2,平面車位,0房0廳,是,交易總價含下列非屬預售屋價格之費用:裝潢費；,低樓層、平面車位、特殊交易,桃園市桃園區正光路與力行路交叉口,京懋泰閤,https://market.591.com.tw/5886292/price?guide=1&trans_type=2
5708765,2022-09-27,111-09,2022-09,1,22,66.7,58.9,3819,440,4259,57.3,15.1,72.3,2,平面車位,0房0廳,否,,低樓層、平面車位,桃園市桃園區正光路與力行路交叉口S2-1F號,京懋泰閤,https://market.591.com.tw/5886292/price?guide=1&trans_type=2
5708566,2022-09-25,111-09,2022-09,19,22,45.7,42.4,3036,420,3456,66.4,15.1,81.5,2,平面車位,0房0廳,否,,高樓層、平面車位,桃園市桃園區正光路與力行路交叉口,京懋泰閤,https://market.591.com.tw/5886292/price?guide=1&trans_type=2
5708782,2022-09-25,111-09,2022-09,8,22,46.5,42.9,3193,400,3593,68.6,15.1,83.7,2,平面車位,0房0廳,否,,中樓層、平面車位,桃園市桃園區正光路與力行路交叉口,京懋泰閤,https://market.591.com.tw/5886292/price?guide=1&trans_type=2
5708569,2022-09-24,111-09,2022-09,18,22,48.1,44.5,3303,420,3723,68.6,15.1,83.7,2,平面車位,0房0廳,否,,高樓層、平面車位,桃園市桃園區正光路與力行路交叉口,京懋泰閤,https://market.591.com.tw/5886292/price?guide=1&trans_type=2
5708568,2022-09-23,111-09,2022-09,19,22,45.7,42.2,3036,400,3436,66.4,15.1,81.5,2,平面車位,0房0廳,否,,高樓層、平面車位,桃園市桃園區正光路與力行路交叉口,京懋泰閤,https://market.591.com.tw/5886292/price?guide=1&trans_type=2
5708565,2022-09-22,111-09,2022-09,2,22,47.3,43.4,3139,400,3539,66.4,15.1,81.5,2,平面車位,0房0廳,否,,低樓層、平面車位,桃園市桃園區正光路與力行路交叉口,京懋泰閤,https://market.591.com.tw/5886292/price?guide=1&trans_type=2
5708567,2022-09-21,111-09,2022-09,22,22,46.3,42.9,3076,420,3496,66.4,15.1,81.5,2,平面車位,0房0廳,否,,高樓層、平面車位,桃園市桃園區正光路與力行路交叉口,京懋泰閤,https://market.591.com.tw/5886292/price?guide=1&trans_type=2
5728409,2022-09-18,111-09,2022-09,17,22,47.9,44.1,3289,400,3689,68.6,15.1,83.7,2,平面車位,0房0廳,否,,高樓層、平面車位,桃園市桃園區正光路與力行路交叉路,京懋泰閤,https://market.591.com.tw/5886292/price?guide=1&trans_type=2
5728407,2022-09-17,111-09,2022-09,21,22,46.1,42.5,3063,400,3463,66.4,15.1,81.5,2,平面車位,0房0廳,否,,高樓層、平面車位,桃園市桃園區正光路與力行路交叉口,京懋泰閤,https://market.591.com.tw/5886292/price?guide=1&trans_type=2
5728408,2022-09-16,111-09,2022-09,17,22,45.3,42.1,3010,420,3430,66.4,15.1,81.5,2,平面車位,0房0廳,否,,高樓層、平面車位,桃園市桃園區正光路與力行路交叉口,京懋泰閤,https://market.591.com.tw/5886292/price?guide=1&trans_type=2
5728406,2022-09-15,111-09,2022-09,9,22,46.5,42.4,3193,360,3553,68.6,15.1,83.7,2,平面車位,0房0廳,否,,中樓層、平面車位,桃園市桃園區正光路與力行路交叉口,京懋泰閤,https://market.591.com.tw/5886292/price?guide=1&trans_type=2
5728470,2022-09-12,111-09,2022-09,11,22,46.7,43.1,3207,400,3607,68.6,15.1,83.7,2,平面車位,0房0廳,否,,中樓層、平面車位,桃園市桃園區正光路與力行路交叉口,京懋泰閤,https://market.591.com.tw/5886292/price?guide=1&trans_type=2
